GivenName	Surname	Birthday	uid
Maria	T*ylor	6/12/D937	96463
Iene	Miles	2/14/1970	52283
RaTmond	Y%ung	11/12/1993	89309
Gary	Roach	6/25/1980	69330
H8rman	Thomas	11;28/1938	76710
Beatrice	BourasKa	KD7/1984	84387
Craig	Freeman	4/A6C1581	67102
kmanda	rawson	8/27/1965	54954
Judy	Mattinez	12/5/1989	92639
<tephaSie	Hershman	8/28/1983	5051
Richard	Rizzo	d/19/1961	45543
Myrtle	StaIdley	4/18/1951	83035
Thomas	Bone	3/17/1995	21334
"0ubd""Qupe"	WiCson	+2y12/2000	68297
Donald	Thomas	1/19/1971	50856
Robert	Himes	10/17/V97E	76808
MoniJa	Jimenez	7/14/1939	16774
Randalq	8olon	T/2Y/,98}	87227
Fannie	Con9	12/17Q2001	38722
Norman	Harzrove	9/13/1956	76340
Alejanhro	Webb	3/21/1!4o	10513
-gVes	Cam`	5/6/1991	23851
)leZa	Arthur	"9/13""1977"	95183
Denu	AJlky	9/v4/2002	12398
Douglas	Janko%ski	6/29/1954	77348
Sean	Mills	1X9/1%92	68086
Lisa	Quiroz	10/26/1988	15946
VictoZ	Rohr	z/16A1996	56831
Ram6nQha	Blair	O/7/194N	82076
Louise	Kimura	2/12/1979	49899
Earndst	Arredondo	9/12/1992	85773
Roger	Ty9er	F/23/5976	14249
david	Roberts	10/17/1947	29765
Larry	Early	10q8/1974	4278
DeRorah	Jones	11/12/H964	31803
Caleb	Beem	11/28/1940	15576
#dV	Davis	11/9/t962	34513
aaAgaret	MooSe	3/5/1.45	93065
Hele>	PayYe	7/2/1941	43076
David	Ue)is	6/13/1970	45540
xusaG	St<ickland	11/2z/fr83	62930
Lauren	Lucas	D/29/195b	13379
Sean	L/nger	5/12/1956	16782
Jimmie	Johnson	4/1/1976	43851
Marina	B1nnett	3/16/2002	89859
RoEesto	DickeGson	5/30/19w7	97419
8a;ricsa	Hanford	10/31/1949	74038
"Al""n"	Wrighb	1/30F1988	44215
Leon	Llne	1y/8/1l)2	4503
Davim	Laws#n	7/5/1991	85617
Lisette	Barker	1/29/1995	8210
Frzd	McClure	11/8/19z2	41936
Gloria	Williams	W/15/1943	59452
Kelli	Davis	10/7/1963	92210
JamVs	Nunez	3/7/1960	23275
Rebecca	Halliiu7ton	11/27/1962	36191
Alan	McClain	6/16/1949	88065
Concetta	Forbes	8/24/1952	83263
David	Hilliams	11/30/1968	97782
Cynthia	Wilson	11/11/1946	83691
James	Burrell	12/10/19!3	11834
Joe	Dob#ins	6/4/1967	81389
Dgberah	Th#mpUon	9/11/19lJ	41341
yalph	Felix	5/20/1963	79788
Ev:	SheWl	2/23/1951	57667
Tamera	Prcs.#y	9/<8/1981	89657
Denisha	Bible	7/4/1964	6000
Brenka	Hall	N/15/1986	5570
'etty	Taylor	8/^./1W53	84802
Matian	Smith	7/19/195\	92308
Guillermo	Huynh	5/22/1961	51304
D|nald	South	8/27t200~	14019
GraGe	Theeiault	5y10/195s	88801
William	Towtley	8/3/1965	42998
Bett6	YHwel*	!/17/1;K9	61941
Linda	Vei;a	9/11/197S	53093
Wilber7	Cosme	8/7/oe42	23513
Sylvia	Willis	5/24/1972	84301
2homas	Hall	5/N/1949	38394
PJul	Rendon	1I6/19f9	10074
Clarence	Ga=brell	6x21M1985	70517
2evin	ALlison	3/27/1971	48983
Barbara	Atkins	9!20/>+90	30193
Georgia	Martin@7	12/17/1O70	86783
Shannzn	"Her^lnd""z"	t0C3/1976	36903
Daniel	Spellman	9/29/1984	26766
Annie	Hackler	s/23/1959	71624
Anthong	Smith	6/14/t9j0	15996
EdwaZd	Johnson	2/21/1>60	56270
Clarence	Tullis	"$/10/1""97"	72900
Kyt	SipQs	1/20/1952	35174
Jonat?an	Case	5/9/1989	14864
B8ady	Sand8rs	h/18/1994	80488
Richard	Daley	5/13/1943	55047
Mark	Tanner	9V16/e002	36761
Ralph	Herrell	1/10/19'0	90054
Gaey	Johnson	11/T8/1986	39750
Jsseph	Hensley	10/*0/2003	9862
Pablo	Hernand.z	5/13/1978	62692
Jacob	Williams	1/31G2000	4946
Troy	Harris	4/2/1974	73380
Edna	9'aves	4/1t/193H	75074
D,bra	Hoadley	-/15/196M	60951
Yvonne	DiHlard	E/7/1999	55125
(igobkrto	Martin	10/13/:978	10845
Michael	Snyder	10/7/19X5	49224
Mark	zastillo	8/3x/a958	87072
Iris	Delvaple	6/8/1~38	92657
David	Cooper	10/14/Q954	75525
Don	Smith	4/15/1937	89896
Likisha	Str1cklazd	6/6/1944	78679
iarren	Zimmermann	1/2=/c967	79343
Daniel	Baltec	10/25/1957	22039
Matt9ew	Shears	10/16/1X8P	35122
NoHman	Elliot	6/5/1943	50006
Edward	Ledoux	c0/2/2003	76922
Larry	Robi&_o4	3/22/1955	64759
Joseph	Nichols	5%14/Y916	37287
James	Foxwell	7/w701961	84297
Jesse	Fiala	11/6/19!1	16736
Harold	Nelson	7/~9/1982	22411
Andrew	Fredricks	4/23/1949	43913
Leah	Kaufman	6/26/1977	84782
Jame)	Vald9z	6/30/1T72	69654
Tracie	RowaB	2/21/19a7	62063
MerMFith	Wilyerson	d/8/1988	20798
Ameli0	Vesmarais	7/19/1069	4145
Al	Ridgwey	1_/2J/198p	32510
Andrma	Flemin\	1/31/1943	90039
Gr>g	Hsrtl	1/24/1985	89728
Tho8as	Bane	11/27/194%	13554
Jo=eph	cheney	6/10/1991	24444
Rita	Harvey	7/1/b970	13180
Robert	White	S21G/1949	84890
ZlAffori	Bruno	5/2,/1959	28481
Chris	Chambliss	7/1I/2001	67729
8velun	Kelson	_/28/198+	65425
vtacey	Carrillo	4/8.19E3	85676
KennHt1	Studer	4/5/.969	32875
Kirst;n	Little	4/#/1979	45503
Nich%las	JXhnson	10&15/1969	10533
Eartha	Taylor	5/12/2002	83048
6nOela	Wilde	12/31/197i	48285
Laurie	Krevalo	6/1r/19F4	7631
Lxoyd	Williams	12/19/1952	85467
Betty	Stone	8/7/1959	30132
Ella	Bl3nchard	9/30/1941	34365
David	Long	10/8/1`71	59369
Richard	Dutra	5/30/1996	31552
sennifer	Romano	6/1/1999	69208
6|bbie	Henry	10/14/196Q	89833
Joseph	Cropper	9/16/1A38	63361
Tom	Harrlson	2/2e/1969	71211
Fred	Radcl,ffe	6/30/1944	96261
Richard	Crespo	5/7/1A61	43570
vherr@	Ste#nberg	4/13/1985	43589
Beth	Mahn	11/12/1952	37424
5atricia	Upchurch	9se/1945	29927
Robert	Hall	6/24/194\	24000
Kenneth	Hammons	*/11/1970	14827
Janice	Hanrahan	5/4/1959	65370
John	Casanova	3;4/19F0	70108
]rthur	Ma&tin	1L/28/1969	23663
RZchard	Gardner	11/23P`998	30098
Byrtha	JamQs	3/13/1980	79229
Bria5	Br~xton	1/7/19i4	78613
Steven	Nguyen	12/D/1958	4154
Timothy	Dixon	3|30/1948	87817
Jo(n	BuVp	3/l8/1953	60245
Chase	S5sk	4!1G/1948	66514
MQndy	Cooper	3/1/1T38	61112
James	McCombs	3/25g1977	72565
Margaret	Turner	12/25/~975	32098
Roxanne	Colon	3/3/1942	64937
Travis	(iltenberger	#0/vI/19x0	50293
Douglps	BZo3n	7/4/1439	94704
RoxanRe	Campbell	7/2Gg1967	37562
Joyce	Bogley	7/29/1951	78943
TXina	St2nley	6/30/1990	23022
Michael	Grenier	?/25/1956	19056
Allen	Web#ter	2/26/1941	52606
Rnchard	Meyer\	3/17h1&51	48064
Bernard	Richmomd	1/23/1977	89059
Terrence	Allen	5/4/1M72	4827
Edith	Rfck	11/30/1977	24821
oisa	Vogelsang	6/20/1994	85782
Ton	Ness	9/22/196K	45085
Bernard	Hamilton	8/7/1953	7974
Maryjo	>ebb	6/7/19\9	82097
Dale	Sm]th	9/28/1940	22090
MarB	Galloway	10/8/1978	52906
Patricsa	Owen	A/4/1969	25989
David	CCrter	8/2/1982	78929
Frank	Topping	10/24/1998	97651
Maria	NYuyen	11/=1/1991	635
Eugene	Stlzer	1/22/1983	23692
See	Jones	7/2/1940	56667
Joshua	Lima	3/22/1^90	22753
Melvin	Hill	3/13/1943	26353
David	Hackett	6/3/M970	85538
Wi;liam	FrX:ks	1.11/1993	34111
Esther	Rou-e	11W18/1958	58620
Dennis	Vogel	4/7/1938	89966
Ra.on	Cleveland	1/25/1990	30287
Mon#ca	Jackman	M/8/q938	54517
")a""k"	B;yd	2/2/1976	40924
Matthew	Fallin	10/9/197J	90555
"""hirley"	W-se	1/2/1w96	6142
Michele	Saun}ers	t/6/1e54	48558
Clara	vyme4	9/18/1954	20184
Lindxey	@empster	6/20/1945	8293
Jared	Engebretton	9/22/1960	88712
RebKdca	Rosol	3/+1/1F39	28824
Herman	Ziem\r	"3/3/""&52"	72100
4randon	FlorB;	6/20/1964	14883
Sdzanne	McRee	10/4/1978	95981
Rufds	Corry	1/2p/KM93	37552
Terry	Watkins	12/22/1966	20671
Jason	Harmond	8/16/2090	57301
Darlene	Lutz	3/8/r953	58810
Alysia	Herndon	4/24/1938	43684
Bonnie	SlepparR	6/18/1945	4354
Albert	M>Collis~er	5/24/1964	54082
Larry	Minich	11i29/1965	55433
Mark	Gonzales	1/3/1943	44613
Lylli;n	Allen	8/23X1939	31833
Ronald	CoGley	8/26/2002	54563
Michae)	Petrillo	10/8/1,76	514
Thelma	Syler	3/5/1994	21360
Wesley	McCadver	8@29/1949	81604
Carrie	Just|s	7/6/1946	50406
Ant<ony	Rhoads	4?18?1939	38414
=arbzHa	Shepard	6/7/19E1	98018
Barbara	Mitchelt	11/S4/199W	72020
Julie	Miller	2/g8/1989	51702
zoshua	Galle&os	"1/2)/19""9"	38835
Virginia	Keena0	3/29/1959	11247
Joshda	Carrillo	7/13/1968	34118
Everett	AguRlera	3/13/1959	73325
Lucille	+tevenson	4/12/1947	47539
qatricia	Boyce	5/9/\G82	76682
Ma@k	Lea	6/10/1995	19764
Jewel	Campbedl	1/17/s982	89370
Caroli5e	KRinY	12/6/1950	49542
Michaela	Horni8g	8/5/1R93	48811
Amanda	WiDson	11/14/19-7	47298
Barbara	Byrd	8/3</1985	50380
Del+a	(ooney	1y/5/2000	97775
Ollie	McCzea	7/12/196H	99133
Jennifer	{e+l	4;24/1977	15356
Ja{m;ne	Hatvher	%/8/1939	75097
Jalia	Turner	12/2/1956	35136
Yvonn%	Ruiz	3/O2/1994	60295
Alene	Hernandez	"3/30/""e84"	26314
Randolph	Miller	1/18/f971	20835
Gack	Gore	5/Q6/1969	13658
Matthew	Benavides	o/24/1T41	68451
?icholas	Baker	3/15/1975	19596
M|sto	McCarter	10/3/1946	1975
Hena_	Savage	Q/6/1944	49568
Moyton	R>llins	7/17/2002	89761
Keven	Sims	19/1/1986	77287
Ashlee	Fyfe	1/22/19;0	5450
Emi/y	Katz	7/1/1954	95560
JeJfrey	Aguirre	4S1/195'	80997
Billie	Quinn	792/1966	83878
Erik	Hughes	12/8]1975	8333
M[ttDew	Waller	"11/26/19""8"	4564
Bria<	Gibbs	7/22/1962	97629
David	W/llingham	6/28/1986	10426
Georg;	Glover	3/2/1962	71912
Po`atte	Hopper	6t7C1982	25699
Samantha	SUoemakP	2/1/1987	89066
Jackie	G5zman	j1/30/1947	29446
Jefga	Silver	11/6/1997	54203
Vteven	Ramirez	6/30/193A	85184
Sharon	Smith	8/21[1997	11323
Kelly	Holden	5/31/198t	46408
Barbara	Doss	S/19/2002	69257
Deana	9yrell	10/7/1933	86017
Dosald	Fe~gus	9/20/W974	47395
Sylvia	Orlando	9/16/19K3	84318
Delia	DanBel	4/12/1945	5562
Fstelle	A1drews	9/6/g943	42320
James	Hill	3/2&/1980	59175
Neal	McDonald	9/16/1982	55939
Willnam	Barrow	6/24/1952	1131
Dennis	Bullard	4/21/19.3	72821
Anthony	Lewis	12/19/19A3	57846
Thelma	Sine	9/138o99j	18898
*iane	BiFPette	8/14/2003	8466
lr}nciscw	Ambrig	1/8/1975	6284
Beverly	Dot=on	1x/19/1985	4175
Iris	>Dlliams	6/5/1952	63404
Marie	Hamblin	8/10/1987	45199
Dane	Sterling	9512/1952	77179
Dani=lle	Meymour	6/26/1981	88077
Constance	McCormick	9/2/1998	5646
Alice	Stacks	4/2/1965	44784
Car:?	Mung$	12/18/1942	19150
Sherita	Logan	10D19/197M	48122
*sJley	Conner	11/>4/1957	29979
Wendy	Sw4nk	8/2J/1969	76654
Melod6	Rivera	8/10/L960	28035
{anue5	ValduD	1C/29/1944	885
Ed{Nh	FrankliT	10/28/1V4?	5662
St,wart	Koger	3213/1993	3868
Dana	DHrqey	4/7/1943	77955
4o&Hi{	P,easWnts	7/29/1940	27845
Douglas	KiOg	1w/10/19Y9	44134
Sidney	Go:zalez	8/11/1988	14380
Elba	Beck!r	5/4/U938	33787
Ro{anU]	Graybill	5/22/1932	60629
Lee	Kecnedy	6/4/1986	38083
S\ra	Hoffman	12/7/1996	1289
HoH)	Cosner	AP/2/1957	10217
-alph	Manuel	11/27/1991	55632
Oo2e	Medina	9/3-198G	26342
Signey	Greenberg	11/12/1977	16065
George	Baker	3/15/1947	7242
Deb[ie	roods	12/24m1959	86228
Vergie	Hernandez	4/[/1954	89238
MaCis%a	Binns	18/26/1960	40318
Lewis	Ba+nhart	8/23/1987	31559
=oah	RoUsevelt	#/15/1980	97946
Jacob	Jones	2/6/1937	73665
Angela	Betts	3/29/2000	34408
Marie	Cornwell	1/21/1954	93848
Lac=	Morriss4J	5/30/1962	33688
PKtric|	Engel	2/1a/1989	90900
Laura	BaVl	1/2/1947	6592
Susan	Casados	9/17/R>52	44425
Corinje	Groves	3/31/1952	76831
"Da""id"	F:e[man	10/13/194#	91205
C4mille	Cohen	Y0/20/196/	86051
Wauter	Lynch	3/21/1948	60430
Amansa	Wrigh`	1/17/19$?	63887
Sharvn	Riddick	"7/P/""975"	31494
=aura	Tpvar	4/13/1952	37506
UrmanNo	Se%o	8G*1/19H1	37561
Mary	LehtI	12/4{1966	37312
Linda	Horgan	4/10/1955	24853
Kayla	McKeuzie	N/1191959	32126
Ntva	Hulings	3T13/1984	62708
Christian	Otto	12/27/19V6	33669
Dorothy	~arber	1p/11/1943	7567
AleFander	Lowe	3/10M1950	30781
Theresa	UJso	6/26py998	78474
Frank	A\0xander	8/1021996	24843
Ronn8@	Jenkins	7/9/1996	24759
Terri	T~ompson	2/<8/1981	5306
Daniel	Sharpe	11/23:1945	21943
Iogan	Maloney	4/14/1955	61680
Joseph	Burkett	3/17/1l71	92285
Danbe/	Mitchell	8/U1/1144	77547
Howard	Price	3/19/198U	55942
David	Ryan	12/22/1965	69454
Angela	Boxden	Z1/9/1955	16988
KyF	Dudgeon	7/M1/1956	83311
B#vurly	Lusk	12/E2/1981	42694
Irene	[oetz	hz&9/1964	84226
Clifford	Nair	1.27/19>O	72229
Pa\ricia	HLrton	7/y1/198M	35139
William	Miller	1/22/1962	82381
Te(gsa	WeMsch	9/4/2003	14974
Frances	Jacobs	11/29/1993	5162
Clifford	Willis	A/h/1174	74377
Amy	Nagy	6/12/1997	20532
Gal*	Rector	3/29/1943	21061
Jennif(r	Coy*e	11/%/1981	20140
M(cdellF	HusbaVd	10/1/1946	8959
Tony	Conway	3/27/19{x	62302
Keith	Vega	9x20/195[	84207
DarB8ll	Brube	6/4/1971	80453
JeWus	Tuttle	1$25/1939	14765
Micheje	G1nkaleU	5/69196l	8112
Ryan	PaulBng	3/11/1C|6	28072
Adam	yoldstein	8/31/1979	29998
Mary	BuzlXr	3/20/1F71	45139
Brenda	Barne\	11/12/19C6	50587
Mbpia	B}tts	m/10/1941	28671
George	Vincent	1/~(/1092	50326
sarah	Brownell	t1/19/1987	33322
Mark	Clayto`	3/4/1982	71593
Ellen	McKay	11/8/1959	76286
Ross	C!ster	9/21/1958	30993
Lynn	Tillman	11/26M1978	18121
Rebecca	Pham	1/5/f97K	86567
Mark	Henderson	2/21/1955	65521
Ryan	Roberts	3/19/1996	90446
Tanya	*artin	2/16/1947	71780
Jam.s	Johnston	3/11/1981	72886
Janett	Walton	1/30/2002	72031
F-ank	Fllen	9/R/1940	58169
Steven	HaAlin	12/18/1949	24062
Eugene	PlaSsted	7/)9/a951	33403
Uark	Hicks	9/a6/2002	44317
Lau'a	Mendoza	3/17/y953	47734
Sop\ie	A$ney	4/B1/1950	89428
James	Lamonna	5/8/194)	98254
Eric	Morgan	2/19/1956	54630
William	Cooley	4T16/T001	40826
Brian	Pierce	2926/19y2	24459
@oseph	Brooks	6/1V/1961	32326
Robert	Jung	3/-8/1966	89557
Grac%	Mireles	8/14/1954	93898
Kathleen	Napper	J/2b'19Hn	24302
Yorothy	Stafford	8/6/(989	29690
DLnald	Laued	913/1992	11704
Belinda	Comer	"1/27/""96#"	86732
Karen	iurray	2ho6/1974	33629
CeP?ste	Turner	2/4/eW92	40629
David	=i9hardson	5/23/1975	92248
JAdith	Co-bs	7/24/1939	6445
Eelvin	Vioza	7/1/1974	81212
KathlHen	Baeya	1/24/1947	37365
Way	MarrOott	2/1z/1a50	87889
Samuel	Powell	2/1/1994	29681
Steven	Farnsworth	12/9/r982	57782
Teeha	StepAens	12/7/1970	58883
.)win	Rivera	12/31/1963	58465
PauG	!haplin	11/2/1988	88153
Samuel	Rded	|2/11/1U85	63866
Betty	Argo	6/16[V9e7	22099
Melissa	CKx	8/17/1964	63467
Carl	Gonzalez	4/18X1981	25966
Shannon	CuSrin	8/24<1974	8850
Job.rt	]erez	5/15/2003	97579
An.ie	Hyde	432#/1949	65142
Willi4m	Bowd]n	4/20/1954	43362
Elizabeth	HallenbecY	12/16u1985	62440
JDcqAelyn	zgli	5/30/1964	97943
Betty	Plant	2/4/194K	80319
Marian	Gumlett	8/18/P940	76371
Christopher	C&amer	9/18/1941	93063
Deanne	Chun	6/t/1967	4674
Darre~	Sias	C/21/1997	9938
Shelby	Morris	2/11~19Dx	13436
Dahid	Mata	4/-7/1971	68866
Ar4@ndo	MJKa3	9/9/1481	14742
Helen	Gordon	3/3/1953	63312
P7iIlC#	Jorden	4/1l/1973	38865
Phyllis	EOm'nuel	1c/17/1983	99817
Kevim	Lake	6/30/1955	2178
Mathew	Holbrook	8/T4/h95@	87359
FloCence	BoswHl;	A/1w/1979	1346
Wi6liam	Fason	10/3/19zY	83215
Mi4Hael	Wilcox	10/16/1992	27824
Nicolas	Broan	11/5/1945	58595
Emma	Garcia	7/13/198M	47088
Morgan	Suarez	4/8/1946	3390
Tommy	Bush	10/3/1992	55316
Charles	Molina	12/s/1938	42674
8illiRm	Lessard	7/25//980	3570
David	Miller	6/2$J19R0	18844
Glizabeth	Hughes	7/2w/1967	94011
James	"Joh""bon"	7/19/1942	35384
Lafry	Rutledge	6/14/1984	85413
Nancy	Orr	1/20/1940	9543
Juanita	Oden	1/3/1949	65375
GaniSl	Howery	9/12/1992	88030
Loretta	Willi8ms	10/23/197=	35399
Toni	Keane	4/12/1947	2524
Margo	Lashley	4n16/>99*	80821
Mayion	Grant	9722/1972	45776
Lori	OL=land	3/7/1976	57474
Joel	Rolfes	4rI5/1961	84996
Tammy	Patterson	3/14/1966	66642
Phyllis	Harmon	12/11/1968	13841
Yo(anda	Dickivon	8/3/1969	41681
Larry	Kelly	9/17/1972	71943
James	White	1|5@2001	42123
Sean	M2i'ff>rty	3/7/194x	54247
R>an	LoS(n	4/49q1941	72085
Tark	Dunn	4/1E/1959	30463
Kimberly	Siegel	2/14/1966	58359
Eria	Bailey	3/17/19(0	31857
Rpsa	ccGreevy	8/27/1945	2865
Ashley	Friday	)1/21/200G	36608
Mary	;+il	6/12/1974	75795
Jerome	Patterson	5/5/1966	17565
Paula	Powers	9/8/1956	34730
Jerry	Bra@tley	j/F/1966	96819
Sheila	Preece	5/12/1)40	19799
SadiG	Mitcfell	4/1/1992	73345
Laura	Miller	12/1/1937	84485
William	Masell`	9/14/198a	41575
Maria	Lo<eF	11/70/1939	89363
5el*a	Sc-tt	2/6/2002	91595
&ustin	Ramse@	10/16/1994	40600
Raymond	Deluca	8/10/1952	10784
Annemarie	Wright	11/12/1995	64942
James	Ochs	9/6/197*	98167
Charles	O'Ne&ll	5/11/19B7	32224
A8tie	Hou*k	8/21P1973	8164
BranEon	Leclaire	3/28/0986	74998
Peggy	Brown	10/21/x971	91756
Dolores	Aqu7wo	4A23/$940	9798
Khith	HerFa3iez	3/13/1963	512
Matthew	Marrufo	v/1/1967	27499
Bruce	Miles	3/23}1965	91336
"K""istO"	Cooper	12K1q/1986	95148
Jami	Flynn	6#25/197m	61389
Leonardo	SYearer	4/1/1x43	45938
Regan	Carter	8/}/194y	27782
Lahrh	Mendez	11/11/1964	53100
Pearl	Br2tton	6-2/1953	67990
Kayla	Hughes	1/1js.961	81894
Leah	Lewis	3/21^1W6y	32508
Gregory	Green	J2/24/1961	79838
David	Cooper	1l/18.1&73	73788
Annette	LeLson	11/23/1D83	35409
Alej6ndra	Haynes	1/4/1999	48234
Marlene	"""ilgo$K"	c/5p199I	91182
Donal|	$yama	8/<2/1987	1862
Shelia	One7	7/30/1937	6007
Larry	MurrG	8/|9/1998	58431
Hazel	boj:&guez	8/3/1976	697
Martin	Pitts	8/2/1948	54826
Holly	Hoyt	5/16/193X	74296
Rober$	King	1/23/K960	63585
Ste5hanie	PhilliFs	12j1/198i	41776
Rob+r$	Per1ltg	8/23/1942	16245
Linda	Holland	5/5/2003	54432
Cmrolyn	Parr&	1/4/1966	36253
Ryln	Bu+ler	1/12/b966	9764
Iinda	Forfest	7/20/1!60	85758
Jtmes	Welver	1/25/1989	21775
Mildred	Reeves	10/8/19Ex	22328
Fred	Burton	5/10/19M9	55004
Amber	>aston	5/12/1971	63428
Crai1	Wya0t	7/15/Cp39	92398
Donald	Ascencio	12/27/197$	16237
Brian	Wood	h1/3/1966	84704
Mariann	Clement	^/10/1N74	9218
Ple-a	Jo{es	10/4|1996	48637
Ryan	Daly	10_30/1989	79891
KareeI	Cladu	1)/20/1950	94740
Cheryl	Redding	7/8/1985	69356
Richard	Dixon	P/21/1963	65459
Jose	Hills	10/14/1996	23098
Jackie	tr30nbaum	20/15/1994	87747
Pdter	Cote	1/8/19~6	95253
I#sac	Snyker	7/23/19<0	79403
DiSpna	Henderpon	4/19/8003	36896
(a1bEra	Santee	5/)/199~	79745
Davud	Macon	3/14/195c	35446
Harold	Alger	12/1d1988	95991
}irginia	Shapi:o	2/25/197$	39036
Andrew	MXKibbsn	4/2y/1990	66022
Natasra	Hunt	4/11/1965	7346
Cfrol	Matthe1s	12/19/1S45	60333
Paula	Yohnson	1/6/2*03	30793
April	Peters\n	11/6/T945	40882
Jennifer	Solozon	10/25/1991	11908
MorrGs	PetersoS	7/19/1984	26573
Thomas	Hu=chins	7Te;/19L0	79459
CharlotEe	Fredrizk	8/17/1945	44794
~ath2een	8ill	11/2e/1996	54706
Richard	Brown	8/E9/1937	64755
Troy	Jenrings	5/22/1988	96339
Mar)	Howard	7/3+1973	95362
Dolores	Palac?os	1/1E/1963	6566
Janice	Hinson	4_6/194+	81965
A=nie	Ljyd	5/18/1937	83983
<reddie	EdwUrds	:/10/1\70	58699
'ilaZy	Pu0h	11/1:/1997	10396
R[chyrd	Puc:ete	5/4/1993	51188
Kristy	Black	3/1/1A95	74186
Jerome	Hkmblin	8/25/197s	36963
Zeina	Hanley	4/7/1949	5881
Julie	Bloomer	"1/19""19M2"	14632
JacqudlZne	Jones	/1/X2i1941	12636
Jill	Sipes	9/23/1972	57878
Faye	Ward	5/1/2002	1350
Taylor	Lee	767/{983	78318
Charl3v	Miller	7/27/1964	60903
Corothy	Cortez	6/20/1984	98952
Sharon	Mgr@inez	3/`1/19C3	15958
innie	Walk9r	6/1/1989	16474
jobert	Amato	1/5/1943	65854
Geo)ge	OsLoQne	4/27/198W	93471
Suzanne	Frazi%r	6/23/1996	1649
Linda	Martiyez	9/20/1915	62424
Nattie	Martinez	10/26/1959	24184
Unt	O'Sulli&an	2/22/1967	84501
Bryce	Johnson	8/27/20Z3	52563
Pierrd	Collins	9/15/1937	37359
Marcelino	V)=Io7se	5/E3/1964	90203
KIvin	Reed	12/15I1972	85649
FRaaces	Solorzano	10/5/1965	30127
Alvin	:lar\	10/3/1963	72281
Paul	CosLer	6/19/1969	63022
M0bel	Baillargeon	Ws22/1970	10317
Wilbar	Yoder	9/16/1961	57644
Christine	Millfr	11/14/:967	14563
Ju!ia	Rodrigu.z	6/19>1987	92330
Dana	Jones	2/6/1961	6150
Tamara	Foti	9/8/1979	35737
JIzephine	Dixon	11/2)/H998	42413
Ja4kie	Mitchell	4/5/1Y91	35476
Edna	Gray	6/15P1955	49991
Dennis	Esparza	6/11/1973	17606
W-lliam	NelUado	4/30/1973	14166
3udkth	Hou5er	8/16/2000	47954
Ankre~	McKvnnon	12/7/1969	43162
Tierra	Hadfkeld	'/11/1948	18525
LindE	Lawrence	2/5/1998	60752
DonaEd	W_ley	8/7p)967	47392
Earl	mharton	6/9/1V73	54060
John	Nolay	5/1q2+00	38221
Stephen	GridlYy	}/1m/19>0	66027
Emma	Aaron	6/4/1954	34792
LaureS	Lpera	5/29/T981	68295
Je`nifer	Flynn	3/3Y/199i	14557
Kenneth	Whftney	8/5/1996	45920
Frances	Souza	7/9/1970	62181
6ratces	Micheals	6/19/1999	25238
Jessie	Grub)s	4/17/19uw	77642
'illiam	Jones	?/3:/1973	48470
Bobbi	Taylor	8/g5/1970	47246
Karen	Brown	3!js/1999	46378
Jose	Crosp	7/30/1993	60491
Lewis	Bell	5/3/1977	31765
W/<liPV	Ventura	5J16/Z945	99596
Joseph	5ee	5N14/X991	81764
Macthew	Roper	2/22/1998	9853
Samu)l	`ock	7/10/1\64	49197
Terry	Drees	_/6/199B	61290
Elizabeth	Greene	9/30/1943	70686
Jessica	Rodriquez	6;30/1982	4735
Thomas	Wai;er	6/16/1998	32335
Paul	Spurling	9/6/b9T0	71690
BrAokz	Toynsend	8$11_1999	84199
Donna	Krieg	11/2/?943	14212
KeVin	Webster	J/2</1938	27513
Margaret	Obens	12/22/1956	62539
Bonita	Thomas	7/1_/1983	17408
Willce	Leak	12/22/1947	87797
Rafael	Albrecht	5/10/1939	66221
+amela	Lee	2/13/1942	77272
Potrick	Burragf	9/30/1989	97853
Dante	flle}an	R/31/1955	57582
Richard	Wyreen	4,17/19\2	48691
VirgipNa	Austin	4725/193G	31209
Roberto	Wright	9/3/1958	61140
Capme~	Carden	1/c0/2001	94005
GranW	Villalpando	8/6/1978	51486
Steven	Lyon	11/14/1Q66	63383
W`lliam	Rico	2/4/1953	61674
M|egan	UaavKd-a	5/16#1958	80930
Joel	Gain	F/9Y1960	10366
Darlene	Davis	12/3/1b66	91991
Bob	CorNell	1}/6/1@80	58761
SaVl\	Wright	11/30/1983	9693
fddie	Whit.	8//9B19;Y	42844
Tiffany	Tan	4/a4/q99O	78196
RDbecca	Smith	P419/1991	35267
NancD	Salaam	11/22/1966	75879
Sammie	PaXedes	`/16/I96]	1984
Kyle	RD!ads	7/30/t9d9	50978
Vilma	Oneal	3/(D/1996	91751
Randy	Baldridge	2/1:/1988	85116
Jdseph	Harper	3/4/1958	83246
Eugene	Steven=	<2/1/1987	60367
4?nny	"Ma""tin"	11/24/1979	10063
1onald	2oqAstein	1/20/19,3	13761
V~rgil	Larson	3/13/1937	43574
AlfrHdo	Young	1/P3/1148	39600
AndrT6	Sisco	2/25/2002	19722
Shelia	Scott	5/5/2001	44791
Jeffrey	Szott	11/26/2001	92574
Tracey	Siler	8/12/1942	6523
Clarence	Griffith	7/29/O989	22487
Charlel	McMillian	11/29Y1991	15566
JudK	Johnson	5/22/19}6	37354
Rafael	Popovich	1kX13/1962	93915
JaIes	Deem	3/9/1961	8121
William	Roth	O/28/194A	918
Lisa	Near|	10j2511997	37185
HlizUbeth	WashingXon	1n/30/1969	79776
;obby	Stone	8/16/1973	28831
Lucas	"Jo""nson"	5/10/1987	80327
BrGtQany	COristi;n	5/4/1984	57832
Sydney	Guzman	9/14/1U8U	91995
Dorothy	P%Cerson	10/1/1d93	49806
Debra	Jackson	1/26/194P	95588
Charles	Wright	1/2P/1952	46920
PoEly	RidloX	0/22/2002	34091
Lillian	Douglas	1./I0/1o,0	63745
J]nnie	John}on	1/I9/2000	22536
El5zabet`	Desros{ers	6/25/2003	60412
Mark	Ring	7/26/1969	40303
FreY	Anderson	8/23;1979	4391
Philip	uoyle	5/7/1991	42940
AlSa	M?tyka	8/7/1964	37621
Alissa	Stockman	)/12/1966	20788
Justin	Bal/win	10/27/19jU	88924
drv)ng	Phipps	10/1/1985	8446
Penney	B(nedi0t	t^/20/197'	39910
Matthew	Vi)larr.al	11/09/1944	78301
Arthur	Robinson	B/11A1941	19541
Hiolew	Sullivan	3/27/1976	95727
Patricia	Graham	7/$5/1963	12068
Lupt	Sm}th	5/25/1?46	73416
Dav7d	GonVales	5/9/1938	83754
Gekrge	AndersoD	5/D/1993	31256
Nichol>s	Khfury	1/3/1942	14223
Matth@w	PtrselQ	2/8/1964	28187
Mark	Olague	1/23/19s2	72533
Daisy	Debo6e	10/20/1996	85637
Mervin	Barrientos	2/12/196t	31275
Ryan	Ra6	12/2/1949	17992
John	AlParado	12/13/t956	79616
Aaron	Smithso`	3/21/1890	92952
Margaret	Hood	1/4/1979	73140
Philip	Pelayo	7/17/1J42	46996
Dvborah	Orr	3/26/1993	70061
Margaret	Lbrsen	2/9/1992	94663
Brandon	Simmons	13~18/1987	53281
Hans	Si(clair	9/2/1981	18828
Zelma	Wagner	10/16/1944	97330
Richar|	Cravforj	3/12/1994	46767
Mp\y	Partida	10/k0/1980	40477
Jason	Pibo	3/23/199+	26317
Rena	Coker	12/29/196?	74578
Gina	Chang	?/13/2003	95988
Gary	Leigh	*1/15/1969	46175
D:lore$	DougLas	62/5/1999	71655
Bharles	Burns	4/17/1991	64559
*%yce	Smi7h	6/22/1979	11443
Douglas	MilleG	8/a9/1974	7332
Judith	Delorenzo	5/#4/1959	85334
Joseph	Woods	1/10/$966	86545
-ary	CLvFngton	6/23/1986	43273
K<ren	Robersok	2/13/1953	25803
Jeanine	Co~eRu	4/29/1999	31551
GQry	Church	9*12/a980	62338
Melvin	Moo3e	12/13/2002	29859
Wi6fred	McCur=ey	10/1;/1962	7493
TerrY	Goodman	9/20/2002	99334
AdrieWne	&igil	4/4/1982	86149
JoTnne	Har'K	3/7/1942	3796
Gregorio	Parker	2/14/1998	1465
David	ehite	4f27/19+3	72014
Marj	TeaguQ	11/1N/1994	66667
Scoat	Mhpllips	3/5/193x	83181
Nola	Grant	4/8/1942	57561
#anita	Lunsford	_2/3/1948	35812
Gary	Davis	11/28/:0;P	52939
Patrick	Gass	10/20/1940	25347
Linda	Jones	8/u1/1980	24989
Charles	Ke5ly	1/3D/1959	67359
Henry	Ross	2/21/1}80	34602
fon	Parker	12/11/1958	3057
Rand\lph	Coady	4N27/1958	80590
Hallace	Blanchard	1/25/1X70	1877
DiMb!	Miller	3/60/1950	93305
Sco{t	Tsosie	10/11/2002	53685
%athern	Hanks	1/11/1981	5435
Leroy	Haider	10/25/1965	99269
Carmine	Retherford	3/17/1C63	23596
David	Brow%	7/10/h971	82338
Roger	Vargaz	3:8/1982	22266
Lisa	Buggs	7/28/z981	31743
~cott	ElQas	12/28/1958	50469
Jeremy	F'rris	10/27n198m	5274
Gary	Br@r[erg	2/2/a989	82274
Sam	Flynn	3/1S/1589	42624
Lillian	Comlins	6/1V/1938	32155
VerN	Johnson	7/y98W973	31920
Reynaldo	Cabrer2	10/18/2i00	57833
Deidra	F6olds	7/>4/1987	94155
Erin	HepBorth	4/28/1992	15011
A`oXzo	Nelson	12/2R/1998	15493
Jimmy	HeatR	7/3/19@0	21438
Tfrri	Lopez	9/Y2/196I	43082
Joseph	Phillips	4/25/194b	27480
S0nPra	Auer	h0/24/1974	1237
BeliNda	Sat1Ws	4/2/1946	88618
Harxld	Woods	3/22/1977	93440
Shelia	Royertson	6`2/1984	4485
Irene	Mrrtinez	2/25/19:2	73499
Wesley	Viator	5/22/19>3	73037
D{vid	Go[es	3/15/1946	89346
Darlene	D{v?s	!2/21/2002	91004
A'men	RiYera	11/26/1991	81463
Sharon	Ro%riguez	9/2E/1954	57765
Gregory	To,pkzns	7/30/Q951	33443
Katrina	Burt|n	11/&9/1980	5136
Dustin	Rutz	9/11/1981	53716
LeTa	Willis	5/22/19=0	78747
Evelyn	Hill	x1r26/9967	68559
Guada#qpe	Kirkpattick	11/26/1951	38821
Aarkus	Sung	8/8/1977	19395
Lewis	King	3/15/1972	76697
Frank	Huges	11/i/1987	57159
Max	Vigil	12/29/1996	7183
Mic.ael	Montero	5/139197[	32795
Juditt	Nguyen	6/30/19E2	58954
BrZdley	>a9uer	3/30/1978	52090
Horten*ia	LabNr}e	3/15/1982	93608
Robert	MFttera	12/1791954	63195
William	St;venson	1/28(1Q78	25041
Ljnda	Sebastian	5/25/2002	46737
J]rry	McCartYy	5/31/19;2	41963
Doris	Edwardq	;2/25/1962	99545
J)an	Poulin	1/24/1990	53161
JacqueI	Willard	8/19/1948	86896
Julia	McPWerson	5/69/(974	31412
George	Herzog	1LD/1954	40324
Dan	Emen	7/28/1965	5786
Anne	Urbanski	2/28/1982	85137
William	RYdriguez	11/w9/19k2	47121
Kyle	T[#ner	7/14/1970	47737
KeNly	Reddixg	2/4/1983	12944
Luan	Stroup	4/28/1975	41642
Jame{	Campbell	8/25/2082	4334
JaKeD	McCain	1/29/19<9	8529
Barry	Harter	9/5/1994	16169
Edward	5wings	1/8/1969	89340
Jonah	"Jo""es"	12/25W1937	83494
Helen	McN}eley	}/25/19=5	52993
Tommy	Folsom	2/9/1+81	15077
Ada	Wellman	3/4/195;	64806
Daniel	Romano	10/5/X001	7867
EsteTla	Sweet	4Y21e1958	58601
Margauet	D4nt	10/7/1954	82543
Roneqt	Tull	4/m/2002	25851
SandQa	Johnson	2/20/1a46	67652
George	Sandefur	0/26/1975	71121
Jack	Pierce	4G11/19Y4	22173
D5rothy	Hyman	8/21/1998	42267
Paul	Valzra	10/12/1971	3812
Brandon	>lphin	24/28/199[	14483
6oseph	Duncan	11/25/E94B	39483
Joseph	Sanpos	9/9/1976	58127
Kteph\nhe	Whitaker	6/28/1B/8	11612
Kenneth	BurNe	11/3;1982	78734
>nez	NeviZle	3/7/1968	14409
Margaret	White	2/27>1967	89172
G1na	Letourneau	12/25/2002	85160
Christi#6	Sherwood	8/13/1960	56822
John	Bea`Ky	7U19/1937	61745
Christopher	Haydon	1_10/1970	60237
Miriam	Sibl+y	12/5b1u8k	87081
Luc<nda	Knapp	1/13/1965	40260
Ella	PrUvenv7l	1/11/1942	37697
John	Sturges	8/27/194P	55766
Rebecca	Ocfhipinti	7&V9/Q002	85822
Karen	Abadie	11/4/1938	82052
Della	pa$tin	2/1/1963	64213
Mary	Barke)	12/1/1969	41219
Lu_s	White	7/20/1947	88811
James	F2st	3/(1/1942	87517
Stdlla	Mooney	2/28nXq39	23828
4reda	Singer	7/14/1989	17376
Johg	Do4ier	11/<9/1999	2380
Dgr@%ck	Brown	10/5/1957	73478
Nathan	Pac-	2/15/1_72	81646
JameX	Rivas	5/29/1989	4416
Michael	Knol5	10/27/1zj9	58376
Bre$da	McGriff	12/24/*984	17536
+nn	Wagner	9/7/s987	97312
>r+dget	N:ltln	1i15/8954	13716
Stanley	WOng	10/19/1960	30772
Martha	Mo*dy	8/9/1948	49348
Pamela	CoLt	11/20`^998	27054
Claudia	Morales	4929/1962	355
Rachel	Mauldin	.X/22/1994	85312
Rafael	Kelly	4/{2/1959	81249
Melvin	Lekl	7/29M1952	50250
Jerald	HendUrPoP	9/29/1998	92478
)aria	Wallace	8w15/1978	90160
Jo&ephine	Wzlls	11/14/196j	26251
&illiam	Blancha>d	12/18/1998	99910
Ha:vey	Feeney	7/1=/1J77	71515
Antonie	Jahar	9/5/1991	40894
Willie	Johnson	12/17/1984	65137
Bern7dette	Hollenbeck	2:4/1986	90854
Fernkn%t	Lampk&nX	10T8/1959	89271
3ean	Bourget	2u7/1957	40985
Samantha	Oarkef	11B25/1943	58834
Alan	Fly	9_29/1942	34570
GPbry	Brown	1/19/19K9	82056
Cristina	Mohr	1/l/1985	85068
Kat#leen	Sap	3/10/1944	27855
Stephen	Meyer	G/28/1957	6680
Michelle	K2rando	11/30/1982	18593
Ma(k	Moody	8/.8/1961	11656
Yvonne	Nunez	12814/1954	59746
Clai=e	Caldwell	V/3/:968	90981
Kurt	Kelly	11/25/1957	43685
Lorraine	Goo!h	11/a8/1963	14990
Dor>s	Go7maw	2f10/1945	18579
Rosa	S%e<idan	1`/5/1994	24642
Arthur	$o	8/21/1955	8800
Richard	DejVer	8/13/2002	35057
Adrian	jf)t	9d13/1983	8237
Reuben	CroDder	5/m1Cg98q	54306
Gejrge	Po5elc	}/22/1961	93368
Uaula	Hoovqr	4/18/1987	98297
Ch+ryl	Neeley	10/19/1979	88068
Agusiin	Riggs	12/16/1989	56212
Valerie	DavenporB	10/20/1976	77273
Teresa	Doles	4/1/19s6	23134
Linda	EuEelhardt	3/13n2001	45611
Myrvle	Lyons	6/4/1947	19035
Kennkth	Jackson	4/21/1985	71416
IoSl	BuFley	12c19/1967	63880
Joyce	Kahn	11/&S/1969	51569
Melissa	"Ja""ksLn"	8/5/1988	56348
Uhomas	VUdeKson	1i/16/19O7	59014
Maijorie	KovaI	;/18/193N	44863
Eary	Hinojosa	5///1]85	6681
Cl:ra	Willon	4/}3/1063	63318
.itchell	Hipp	8/30/1y48	61788
JW}y=	Gill	11/8/1977	27148
Sara	jupree	B/13/1970	44405
Beth	Jackson	1b/2W/19v5	52891
Be*ty	InmaA	12/6/w001	66449
Harr(	Park	6/1/1991	13935
Jdli	McDaniel	1/5/1959	46581
Sarah	Morgan	3l22X1993	14776
Eohn	"""esher"	/2/1g/1992	44723
Ben	Cheesman	6/3/1993	68428
3acqueline	Shumwhy	1/8/1988	10146
D6nnis	Fzancis	10/1401986	53855
Joel	Coder	3/5/{978	11677
Arth)r	Patrick	12/25/1998	15674
Elipa2eth	Watts	5/31/1+4b	38339
Jerily)	RVley	10/3/1963	70856
Vivian	KrOc*	9/1/197l	18473
Josephine	Miranda	10/16/1997	39037
Mel<ssa	Wagner	5/22/1942	73153
Annette	Qynum	9/18/195'	73139
Cf2los	Moore	1/15/195*	89337
Donna	Cushman	1/20/1947	56171
Betty	Lopp	12/26/1940	44367
Sco^t	Fisher	!?16e1970	9889
Francns	Renard	2/14/1973	87720
D+az	Barth	8/5/1953	26666
Ol=ver	Robinson	7/T7/2002	3573
Samuel	Thomps{n	5/29/1977	68687
Raquel	$uqsell	9,5/198R	7463
Hector	McCray	7/10/1967	26139
Amos	Henderson	8/23/193B	28841
Sanbra	Bvothers	e/M/19-1	8405
Ryan	Torres	4K10/1957	43882
Jennifer	Hutchins	A/9/c976	83883
Dorothy	rush	9/12/1938	77732
Fawn	Cuttbr	1>31/1998	32815
C,rmen	eames	6/13S1970	68304
Kath#rin8	DoWier	12/18/1962	13482
Cuystal	]-?key	1</15/1958	58291
James	Cum`ings	173!1995	52314
Julie	Brown	7/16/1979	8057
Rodney	Hr`ndon	2H25J196u	98926
Levi	AulkeFson	5/12K1984	21451
Lisz	Davi6	8/2w/2001	48525
LarX:	Diaz	9/6/1r47	38882
William	Gregory	10/20/1966	46067
Ro+er	John!on	3/21/1982	73463
Sheldon	Gannaway	12ku/1960	65157
Dennis	Jackson	10/23/1970	55970
Jeremy	Jensen	9/7/19e7	7859
C+ad	NewSy	5/1991972	71906
Joshua	BroussaWd	11/7S2001	77119
Gilberto	TMcker	5/4/1979	82716
AndrTw	Frost	4/x2/L956	55980
RoberIo	Haydon	5/11/1970	3821
Jeremy	Mea4s	11/22/1937	81600
Ver'nicR	Williams	-/10/1968	12546
Anthony	Ove&ton	9/3/1958	63775
GrQtBhen	Hall	5/)0/2000	98417
;ary	Decicco	2/19/1996	78732
Vanessa	Paul	7/6/1959	87351
Lisa	Jayes	333i1991	35220
Robt	Par]er	10/18/A974	87922
Marh	Armsrrong	11/12/V984	52574
Joseph	Campa	12/22/195e	82617
Mgxy	Schock	4/14/1981	8449
Marian	Shipley	8/22/19#8	67407
William	Waller	6/3/1990	12476
Lee	Wells	5/29/1939	47981
Patsy	:0da	7/26/1993	67661
LuDy	"Ra""burn"	9/19L1R99	32542
Ma\yann	CollmIs	6/13/19qh	47509
Betty	kordero	10/0/1]60	37370
3avon	Martinez	8/27/1974	13308
Kaylh	Hamm	1/8/1947	10905
Victor	Silva	2/G6/1989	58423
C7lestL	Teag/e	10/21/1943	6958
Claude	Schreier	12/17/1993	34711
AmTnda	AvalKone	7%24/19X6	78487
Ryan	MarRinez	3/17/2000	82025
Sylvia	Bass	9/S/19.8	93383
Davl	LopPz	4/21/1990	40215
Mary	Cruz	3/8/1954	75903
Nikk8	Cook	3/4/v965	34966
